,Element,URI,Description,Label,ParentClass,CCRMElement,EquivalentClass,FRBRElement,ParentProperty,Domain,Range,InverseOf,ScopeNote
M1 Catalogue Statement,class,http://data.doremus.org/ontology#M1_Catalogue_Statement,"Scope Note:Cette classe permet de décrire, lorsqu’elles existent, les références de catalogue de l’œuvre musicale. Par catalogue, on comprend tous les catalogues thématiques à proprement parler (donc à l’exclusion des numéros d’opus) ainsi que les classifications spécifiques telles que WoO ou Anh.Selon le niveau de granularité initial, elle est décrite par une simple chaîne de caractères, ou par les objets symboliques M10 Catalogue Name et M11 Catalogue Number qui la composent. La classe M10 Catalogue Name peut-être documentée via la propriété p70i is documented in.@frExemples :La cantate Ich habe genug de JS Bach [BWV 82] (F22) est identifiée par  (M1 Catalogue p3 has note E62 String) BWV 82La cantate Ich habe genug de JS Bach [BWV 82] (F22) est identifiée par  (M1 Catalogue p106 is composed of M10 Catalogue Name) BWV et (M1 Catalogue p106 is composed of Catalogue Number) 82.Komm, Gott Schöpfer, heiliger Geist. No 1 de JS Bach [BWV deest] (F22) est identifiée par (M1 Catalogue p3 has note E62 String) BWV deest.Duncan Gray [WoO 156, no 2] de Beethoven (F22) est identifiée par (M1 Catalogue p106 is composed of M10 Catalogue Name) WoO et (M1 Catalogue p106 is composed of Catalogue Number) 156, no 2.La Sonate pour Clavier en Ut majeur de Wilhelm Friedemann Bach identifiée BR A1 par le catalogue Bach Repertorium  et identifiée F200 par le catalogue Fasch (F22) : est identifiée par (M1 Catalogue p106 is composed of M10 Catalogue Name) BR et (M1 Catalogue p106 is composed of Catalogue Number) A1, et est identifiée par (M1 Catalogue p106 is composed of M10 Catalogue Name) F et (M1 Catalogue p106 is composed of Catalogue Number) 200.@fr",M1 Catalogue Statement@enM1 Mention de catalogue@fr,ecrm:E41_Appellation,E41_Appellation,,,,,,,
M2 Opus Statement,class,http://data.doremus.org/ontology#M2_Opus_Statement,,M2 Opus Statement@enM2 Mention d'opus@fr,ecrm:E41_Appellation,E41_Appellation,,,,,,,
M3 Order Number,class,http://data.doremus.org/ontology#M3_Order_Number,,M3 Order Number@enM3 Numéro d'ordre@fr,ecrm:E41_Appellation,E41_Appellation,,,,,,,
M4 Key,class,http://data.doremus.org/ontology#M4_Key,"Examples:	→ Le Concerto pour Piano et orchestre en Si bémol majeur de Beethoven a pour tonalité si bémol majeur :F22 Self-Contained Expression u11 has key M4 Key { Si bémol Majeur }@frScope note:Cette classe décrit la tonalité de l’œuvre.Les tonalités sont souvent listées sous forme de référentiels multilingues, c’est pourquoi la classe M4 Key est liée à la classe M7 Linguistic Appellation.@fr",M4 Key@enM4 Tonalité@fr,ecrm:E55_Type,E55_Type,_:ub368bL2918C32,,,,,,
M5 Genre,class,http://data.doremus.org/ontology#M5_Genre,,M5 Genre@enM5 Genre@fr,ecrm:E55_Type,E55_Type,,,,,,,
M6 Casting,class,http://data.doremus.org/ontology#M6_Casting,"Scope note:Cette classe permet de décrire les « medium of performance » d’une œuvre, c’est-à-dire les instruments, machines, exécutants autres que musiciens (danseurs, acteurs, récitants,…) pour lesquels l’œuvre a été composée. Elle décrit donc l’intention du compositeur. M6 Casting est une « classe chapeau » qui représente la globalité de la distribution instrumentale et/ou vocale. Le détail de cette distribution est décrit via la classe M23 Casting Detail.Dans le cas de versions alternatives, on donnera deux M6 Casting différents pour la même expression.@fr",M6 Casting@enM6 Distribution vocale ou instrumentale@fr,ecrm:E29_Design_or_Procedure,E29_Design_or_Procedure,,,,,,,
M7 Linguistic Appellation,class,http://data.doremus.org/ontology#M7_Linguistic_Appellation,Scope note:Cette classe permet de décrire une appellation et ses composantes linguistiques. Elle comprend donc les appellations originales et les traductions de ces appellations.@fr,M7 Linguistic Appellation@enM7 Appellation linguistique@fr,ecrm:E41_Appellationecrm:E33_Linguistic_Object,E33_Linguistic_Object,,,,,,,
M8 Tempo,class,http://data.doremus.org/ontology#M8_Tempo,,M8 Tempo@enM8 Tempo@fr,ecrm:E29_Design_or_Procedure,E29_Design_or_Procedure,,,,,,,
M9 Derivation Type,class,http://data.doremus.org/ontology#M9_Derivation_Type,,M9 Derivation Type@enM9 Type de dérivation@fr,ecrm:E55_Type,E55_Type,,,,,,,
M10 Catalogue Name,class,http://data.doremus.org/ontology#M10_Catalogue_Name,,M10 Catalogue Name@enM10 Nom de catalogue@fr,ecrm:E90_Symbolic_Object,E90_Symbolic_Object,,,,,,,
M11 Catalogue Number,class,http://data.doremus.org/ontology#M11_Catalogue_Number,,M11 Catalogue Number@enM11 Numéro de catalogue@fr,ecrm:E90_Symbolic_Object,E90_Symbolic_Object,,,,,,,
M12 Opus Number,class,http://data.doremus.org/ontology#M12_Opus_Number,,M12 Opus Number@enM12 Numéro d'opus@fr,ecrm:E90_Symbolic_Object,E90_Symbolic_Object,,,,,,,
M13 Opus Subnumber,class,http://data.doremus.org/ontology#M13_Opus_Subnumber,,M13 Opus Subnumber@enM13 Sous-numéro d'opus@fr,ecrm:E90_Symbolic_Object,E90_Symbolic_Object,,,,,,,
M14 Medium of performance,class,http://data.doremus.org/ontology#M14_Medium_Of_Performance,,M14 Medium of performance@enM14 Distribution instrumentale ou vocale@fr,ecrm:E55_Type,E55_Type,,,,,,,
M15 Dedication Statement,class,http://data.doremus.org/ontology#M15_Dedication_Statement,,M15 Dedication Statement@enM15 Mention de dédicace@fr,ecrm:E33_Linguistic_Object,E33_Linguistic_Object,,,,,,,
M16 Maintenance,class,http://data.doremus.org/ontology#M16_Maintenance,,M16 Maintenance@enM16 Maintenance@fr,ecrm:E11_Modification,E11_Modification,,,,,,,
M17 Controlled Access Point Creator,class,http://data.doremus.org/ontology#M17_Controlled_Access_Point_Creator,"Scope note:Sous-classe de F50 Controlled Access Point, cette classe en reprend les caractéristiques, limitées au « créateur » de l’œuvre.@frExamples:…explosante-fixe… (F22) P1 is identified by F50 Controlled Access Point R8 consists of M17 Controlled Access Point Creator { Boulez, Pierre (1925, …) } and R8 consists of M18 Controlled Access Point Denomination R8 consists of F12 Nomen { …explosante-fixe… }@fr",M17 Controlled Access Point Creator@enM17 Point d'accès contrôlé créateur@fr,efrbroo:F50_Controlled_Access_Point,,,F50_Controlled_Access_Point,,,,,
M18 Controlled Access Point Denomination,class,http://data.doremus.org/ontology#M18_Controlled_Access_Point_Denomination,"Examples:…explosante-fixe… (F22) P1 is identified by F50 Controlled Access Point R8 consists of M17 Controlled Access Point Creator { Boulez, Pierre (1925, …) } and R8 consists of M18 Controlled Access Point Denomination R8 consists of F12 Nomen { …explosante-fixe… }@frScope note:Sous-classe de F50 Controlled Access Point, cette classe en reprend les caractéristiques, limitées à la « dénomination » de l’œuvre. La dénomination peut être un titre significatif (« Le Sacre du Printemps »), ou un titre composé (« Sonates. Piano. Opus 27 no 2. Do dièse mineur.”)@fr",M18 Controlled Access Point Denomination@enM18 Point d'accès contrôlé dénomination@fr,efrbroo:F50_Controlled_Access_Point,,,F50_Controlled_Access_Point,,,,,
M19 Style,class,http://data.doremus.org/ontology#M19_Categorization,,M19 Style@enM19 Style@fr,ecrm:E55_Type,E55_Type,,,,,,,
M20 Music Group Formation,class,http://data.doremus.org/ontology#M20_Music_Group_Formation,,M20 Music Group Formation@enM20 Type de formation musicale ou vocale@fr,ecrm:E55_Type,E55_Type,,,,,,,
M21 Harmonic Structure,class,http://data.doremus.org/ontology#M21_Harmonic_Structure,,M21 Harmonic Structure@enM21 Structure Harmonique@fr,ecrm:E55_Type,E55_Type,,,,,,,
M22 Form,class,http://data.doremus.org/ontology#M22_Form,,M22 Form@enM22 Forme@fr,ecrm:E55_Type,E55_Type,,,,,,,
M23 Casting Detail,class,http://data.doremus.org/ontology#M23_Casting_Detail,"Scope note:Cette classe décrit un détail de la distribution prévue par le compositeur, par exemple une sonate pour violon et piano est décrite par deux « composantes » M23 qui sont le violon et le piano. Elle est donc obligatoirement associée à la classe M6 Intended Casting dont elle détaille les composantes. Ces composantes comprennent notamment le ou les medium of performance prévus par le compositeur, l’éventuel rôle soliste du medium of performance, le personnage interprété (par exemple dans un opéra), la tessiture précise.@frExamples:La Sonate pour piano opus 27, no 2 de Beethoven (F22) U13 has intended casting M6 Intended Casting U23 has casting detail M23 Casting Detail U1 has intended medium of performance M35 Cast Medium of Performance U39 has medium of performance M14 Medium of Performance { piano } and P90 has value { 1 }.@fr",M23 Casting Detail@enM23 Détail de la distribution@fr,ecrm:E29_Design_or_Procedure,E29_Design_or_Procedure,,,,,,,
M24 Track,class,http://data.doremus.org/ontology#M24_Track,,M24 Track@enM24 Piste@fr,mus:M46_Set_of_Tracks,,,,,,,,
M25 Foreseen Activity,class,http://data.doremus.org/ontology#M25_Foreseen_Activity,,M25 Foreseen Activity@enM25 Activité prévisionnelle@fr,ecrm:E29_Design_or_Procedure,E29_Design_or_Procedure,,,,,,,
M26 Foreseen Performance,class,http://data.doremus.org/ontology#M26_Foreseen_Performance,,M26 Foreseen Performance@enM26 Performance prévisionnelle@fr,mus:M25_Foreseen_Activity,,,,,,,,
M27 Foreseen Individual Performance,class,http://data.doremus.org/ontology#M27_Foreseen_Individual_Performance,,M27 Foreseen Individual Performance@enM27 Performance individuelle prévisionnelle@fr,mus:M26_Foreseen_Performance,,,,,,,,
M28 Individual Performance,class,http://data.doremus.org/ontology#M28_Individual_Performance,,M28 Individual Performance@enM28 Performance individuelle@fr,efrbroo:F31_Performance,,,F31_Performance,,,,,
M29 Editing,class,http://data.doremus.org/ontology#M29_Editing,,M29 Editing@enM29 Post-production@fr,efrbroo:F28_Expression_Creation,,,F28_Expression_Creation,,,,,
M30 Ambitus,class,http://data.doremus.org/ontology#M30_Ambitus,,M30 Ambitus@enM30 Ambitus@fr,ecrm:E55_Type,E55_Type,,,,,,,
M31 Actor's Function,class,http://data.doremus.org/ontology#M31_Actor_Function,,M31 Actor's Function@enM31 Fonction de l'agent@fr,ecrm:E55_Type,E55_Type,,,,,,,
M32 Actor's Responsibility,class,http://data.doremus.org/ontology#M32_Actor_Responsibility,,M32 Actor's Responsibility@enM32 Responsabilité de l'agent@fr,ecrm:E55_Type,E55_Type,,,,,,,
M33 Set of Characters,class,http://data.doremus.org/ontology#M33_Set_of_Characters,,M33 Set of Characters@enM33 Ensemble de personnages@fr,ecrm:E29_Design_or_Procedure,E29_Design_or_Procedure,,,,,,,
M34 Award Assignment,class,http://data.doremus.org/ontology#M34_Award_Assignment,,M34 Award Assignment@enM34 Attribution de récompense@fr,ecrm:E13_Attribute_Assignment,E13_Attribute_Assignment,,,,,,,
M35 Representative Publication Assignment,class,http://data.doremus.org/ontology#M35_Representative_Publication_Assignment,,M35 Representative Publication Assignment@enM35 Attribution d'Expression publicationnelle représentative@fr,ecrm:E13_Attribute_Assignment,E13_Attribute_Assignment,,,,,,,
M36 Award,class,http://data.doremus.org/ontology#M36_Award,,M36 Award@enM36 Récompense@fr,ecrm:E55_Type,E55_Type,,,,,,,
M37 Music Scale,class,http://data.doremus.org/ontology#M37_Music_Scale,,M37 Music Scale@enM37 Echelle Musicale@fr,ecrm:E55_Type,E55_Type,,,,,,,
M38 Rhythmic Pattern,class,http://data.doremus.org/ontology#M38_Rhythmic_Pattern,,M38 Rhythmic Pattern@enM38 Figure Rythmique@fr,ecrm:E55_Type,E55_Type,,,,,,,
M39 Derivation Type Assignment,class,http://data.doremus.org/ontology#M39_Derivation_Type_Assignment,,M39 Derivation Type Assignment@enM39 Attribution de type de dérivation@fr,ecrm:E17_Type_Assignment,E17_Type_Assignment,,,,,,,
M40 Context,class,http://data.doremus.org/ontology#M40_Context,,M40 Context@enM40 Contexte@fr,ecrm:E55_Type,E55_Type,,,,,,,
M41 Metronome Indication,class,http://data.doremus.org/ontology#M41_Metronome_Indication,,M41 Metronome Indication@enM41 Indication Métronomique@fr,ecrm:E29_Design_or_Procedure,E29_Design_or_Procedure,,,,,,,
M42 Performed Expression Creation,class,http://data.doremus.org/ontology#M42_Performed_Expression_Creation,,M42 Performed Expression Creation@enM42 Création d'Expression interprétée@fr,efrbroo:F31_Performanceefrbroo:F28_Expression_Creation,,,F28_Expression_Creation,,,,,
M43 Performed Expression,class,http://data.doremus.org/ontology#M43_Performed_Expression,,M43 Performed Expression@enM43 Expression interprétée@fr,efrbroo:F22_Self-Contained_Expression,,,F22_Self-Contained_Expression,,,,,
M44 Performed Work,class,http://data.doremus.org/ontology#M44_Performed_Work,,M44 Performed Work@enM44 Oeuvre interprétée@fr,efrbroo:F14_Individual_Work,,,F14_Individual_Work,,,,,
M45 Descriptive Expression Assignment,class,http://data.doremus.org/ontology#M45_Descriptive_Expression_Assignment,,M45 Descriptive Expression Assignment@enM45 Attribution d'Expression Descriptive@fr,ecrm:E13_Attribute_Assignment,E13_Attribute_Assignment,,,,,,,
M46 Set of Tracks,class,http://data.doremus.org/ontology#M46_Set_of_Tracks,Scope Note : ensemble des pistes constituant un enregistrement publié.@fr,M46 Set of Tracks@enM46 Ensemble de Pistes@fr,efrbroo:F22_Self-Contained_Expression,,,F22_Self-Contained_Expression,,,,,
M47 WoO Number,class,http://data.doremus.org/ontology#M47_WoO_Number,,M47 WoO Number@enM47 Numéro de WoO@fr,ecrm:E90_Symbolic_Object,E90_Symbolic_Object,,,,,,,
M48 WoO Subnumber,class,http://data.doremus.org/ontology#M48_WoO_Subnumber,,M48 WoO Subnumber@enWoO sous-numéro@fr,ecrm:E90_Symbolic_Object,E90_Symbolic_Object,,,,,,,
M49 Performer status,class,http://data.doremus.org/ontology#M49_Performer_Status,,M49 Performer status@enM49 Statut de l'interprète@fr,ecrm:E55_Type,E55_Type,,,,,,,
M50 Performance mode,class,http://data.doremus.org/ontology#M50_Creation_or_Performance_Mode,,M50 Performance mode@enM50 Mode de performance@fr,ecrm:E55_Type,E55_Type,,,,,,,
M51 Type of recording equipment,class,http://data.doremus.org/ontology#M51_Type_Of_Recording_Equipment,,M51 Type of recording equipment@enM51 Type d'équipement d'enregistrement@fr,ecrm:E55_Type,E55_Type,,,,,,,
M52 Equalization technique,class,http://data.doremus.org/ontology#M52_Equalization_Technique,,M52 Equalization technique@enM52 Technique d'équalisation@fr,ecrm:E55_Type,E55_Type,,,,,,,
M53 Noise reduction  technique,class,http://data.doremus.org/ontology#M53_Noise_Reduction_Technique,,M53 Noise reduction  technique@frM53 Technique de réduction de bruit@fr,ecrm:E55_Type,E55_Type,,,,,,,
M54 Sound spatialization technique,class,http://data.doremus.org/ontology#M54_Sound_Spatialization_Technique,,M54 Sound spatialization technique@enM54 Technique de spatialisation du son@fr,ecrm:E55_Type,E55_Type,,,,,,,
M55 Condition of performance,class,http://data.doremus.org/ontology#M55_Condition_of_Performance,,M55 Condition of performance@enM55 Condition de la performance@fr,ecrm:E55_Type,E55_Type,,,,,,,
M57 Vocal or instrumental technique,class,http://data.doremus.org/ontology#M57_Vocal_or_Instrumental_Technique,,M57 Vocal or instrumental technique@enM57 Technique vocale ou instrumentale@fr,ecrm:E55_Type,E55_Type,,,,,,,
M58 Programming Work,class,http://data.doremus.org/ontology#M58_Programming_Work,,M58 Programming Work@enM58 Oeuvre de programmation@fr,efrbroo:F14_Individual_Work,,,F14_Individual_Work,,,,,
M59 Program,class,http://data.doremus.org/ontology#M59_Program,,M59 Program@enM59 Programme@fr,ecrm:E29_Design_or_Procedure,E29_Design_or_Procedure,,,,,,,
M60 Intended audience,class,http://data.doremus.org/ontology#M60_Intended_Audience,,M60 Intended audience@enM60 Public visé@fr,ecrm:E55_Type,E55_Type,,,,,,,
M61 Work type,class,http://data.doremus.org/ontology#M61_Work_Type,,M61 Work type@enM61 Type d'oeuvre@fr,ecrm:E55_Type,E55_Type,,,,,,,
M62 Hierarchical level,class,http://data.doremus.org/ontology#M62_Hierarchical_Level,,M62 Hierarchical level@enM62 Niveau hiérarchique@fr,ecrm:E55_Type,E55_Type,,,,,,,
M154 Label name,class,http://data.doremus.org/ontology#M154_Label_Name,,M154 Label name@enM154 Nom du libellé@fr,ecrm:E41_Appellation,E41_Appellation,,,,,,,
M155 Cast statement,class,http://data.doremus.org/ontology#M155_Cast_Statement,,M155 Cast statement@en,ecrm:E33_Linguistic_Object,E33_Linguistic_Object,,,,,,,
M156 Title statement,class,http://data.doremus.org/ontology#M156_Title_Statement,,M156 Title statement@en,ecrm:E33_Linguistic_Object,E33_Linguistic_Object,,,,,,,
M157 Statement of responsibility,class,http://data.doremus.org/ontology#M157_Statement_of_Responsibility,,M157 Statement of responsibility@en,ecrm:E33_Linguistic_Object,E33_Linguistic_Object,,,,,,,
M158 Title and statement of responsability,class,http://data.doremus.org/ontology#M158_Title_and_Statement_of_Responsibility,,M158 Title and statement of responsability@en,ecrm:E33_Linguistic_Object,E33_Linguistic_Object,,,,,,,
M159 Edition statement,class,http://data.doremus.org/ontology#M159_Edition_Statement,,M159 Edition statement@en,ecrm:E33_Linguistic_Object,E33_Linguistic_Object,,,,,,,
M160 Publication statement,class,http://data.doremus.org/ontology#M160_Publication_Statement,,M160 Publication statement@en,ecrm:E33_Linguistic_Object,E33_Linguistic_Object,,,,,,,
M161 Distribution statement,class,http://data.doremus.org/ontology#M161_Distribution_Statement,,M161 Distribution statement@en,ecrm:E33_Linguistic_Object,E33_Linguistic_Object,,,,,,,
M162 Series statement,class,http://data.doremus.org/ontology#M162_Series_Statement,,M162 Series statement@en,ecrm:E33_Linguistic_Object,E33_Linguistic_Object,,,,,,,
M163 Music format statement,class,http://data.doremus.org/ontology#M163_Music_Format_Statement,,M163 Music format statement@en,ecrm:E33_Linguistic_Object,E33_Linguistic_Object,,,,,,,
M164 Multipart monograph statement,class,http://data.doremus.org/ontology#M164_Multipart_Monograph_Statement,,M164 Multipart monograph statement@en,ecrm:E33_Linguistic_Object,E33_Linguistic_Object,,,,,,,
M165 Title proper of series,class,http://data.doremus.org/ontology#M165_Title_Proper_of_Series,,M165 Title proper of series@enM165 Titre propre de la série@fr,ecrm:E33_Linguistic_Object,E33_Linguistic_Object,,,,,,,
M166 Title proper of multipart monograph,class,http://data.doremus.org/ontology#M166_Title_Proper_of_Multipart_Monograph,,M166 Title proper of multipart monograph@enM166 Titre propre de monographie multipartie@fr,ecrm:E33_Linguistic_Object,E33_Linguistic_Object,,,,,,,
M167 Publication expression fragment,class,http://data.doremus.org/ontology#M167_Publication_Expression_Fragment,,M167 Publication expression fragment@enM167 Fragment d'expression de publication@fr,efrbroo:F23_Expression_Fragment,,,F23_Expression_Fragment,,,,,
M168 Media type,class,http://data.doremus.org/ontology#M168_Media_Type,,M168 Media type@enM168 Type de média@fr,ecrm:E55_Type,E55_Type,,,,,,,
M169 Carrier type,class,http://data.doremus.org/ontology#M169_Carrier_Type,,M169 Carrier type@enM169 Type de support@fr,ecrm:E55_Type,E55_Type,,,,,,,
M170 Binding,class,http://data.doremus.org/ontology#M170_Binding,,M170 Binding@enM170 Reliure@fr,ecrm:E55_Type,E55_Type,,,,,,,
M171 Container,class,http://data.doremus.org/ontology#M171_Container,,M171 Container@en,ecrm:E55_Type,E55_Type,,,,,,,
M172 Colour content,class,http://data.doremus.org/ontology#M172_Colour_Content,,M172 Colour content@enM172 Couleur du contenu@fr,ecrm:E55_Type,E55_Type,,,,,,,
M173 Playing speed,class,http://data.doremus.org/ontology#M173_Playing_Speed,,M173 Playing speed@enM173 Vitesse de lecture@fr,ecrm:E55_Type,E55_Type,,,,,,,
M174 Content type,class,http://data.doremus.org/ontology#M174_Content_Type,,M174 Content type@enM174 Type de contenu@fr,ecrm:E55_Type,E55_Type,,,,,,,
M175 Music format,class,http://data.doremus.org/ontology#M175_Music_Format,,M175 Music format@enM175 Format musical@fr,ecrm:E55_Type,E55_Type,,,,,,,
CLU206i should be media type of,property,http://data.doremus.org/ontology#CLU206i_should_be_media_type_of,,CLU206i should be media type of@en,,,,,efrbroo:CLP2i_should_be_type_of,,,,
CLU223 should have number of tape tracks,property,http://data.doremus.org/ontology#CLU223_should_have_number_of_tape_tracks,,CLU223 should have number of tape tracks@en,,,,,efrbroo:CLP2_should_have_type,efrbroo:F3_Manifestation_Product_Type,ecrm:E54_Dimension,,
CLU207i should be carrier type of,property,http://data.doremus.org/ontology#CLU207i_should_be_carrier_type_of,,CLU207i should be carrier type of@en,,,,,efrbroo:CLP2i_should_be_type_of,,,,
CLU206 should have media type,property,http://data.doremus.org/ontology#CLU206_should_have_media_type,,CLU206 should have media type@en,,,,,efrbroo:CLP2_should_have_type,efrbroo:F3_Manifestation_Product_Type,mus:M168_Media_Type,mus:CLU206i_should_be_media_type_of,
CLU198i should be container of,property,http://data.doremus.org/ontology#CLI198i_should_be_container_of,,CLU198i should be container of@en,,,,,efrbroo:CLP2i_should_be_type_of,,,mus:CLU198_should_have_container,
CLU210i should be pagination of,property,http://data.doremus.org/ontology#CLU210i_should_be_pagination_of,,CLU210i should be pagination of@en,,,,,efrbroo:CLP43i_should_be_dimension_of,,,,
U223i should be number of tape tracks of,property,http://data.doremus.org/ontology#CLU223i_should_be_number_of_tape_tracks_of,,U223i should be number of tape tracks of@en,,,,,efrbroo:CLP2i_should_be_type_of,,,mus:U223_has_number_of_tape_tracks,
CLU197_should_have_binding,property,http://data.doremus.org/ontology#CLU197_should_have_binding,,CLU197_should_have_binding@en,,,,,efrbroo:CLP2_should_have_type,efrbroo:F3_Manifestation_Product_Type,mus:M170_Binding,mus:CLU197i_should_be_binding_of,
CLU207 should have carrier type,property,http://data.doremus.org/ontology#CLU207_should_have_carrier_type,,CLU207 should have carrier type@en,,,,,efrbroo:CLP2_should_have_type,efrbroo:F3_Manifestation_Product_Type,mus:M169_Carrier_Type,mus:CLU207i_should_be_carrier_type_of,
CLU217 should have playing speed,property,http://data.doremus.org/ontology#CLU217_should_have_playing_speed,,CLU217 should have playing speed@en,,,,,efrbroo:CLP2_should_have_type,efrbroo:F3_Manifestation_Product_Type,mus:M173_Playing_Speed,mus:CLU217i_should_be_playing_speed_of,
CLU197i should be binding of,property,http://data.doremus.org/ontology#CLU197i_should_be_binding_of,,CLU197i should be binding of@en,,,,,efrbroo:CLP2i_should_be_type_of,,,,
CLU210 should have pagination,property,http://data.doremus.org/ontology#CLU210_should_have_pagination,,CLU210 should have pagination@en,,,,,efrbroo:CLP43_should_have_dimension,efrbroo:F3_Manifestation_Product_Type,ecrm:E54_Dimension,mus:CLU210i_should_be_pagination_of,
CLU53i should be duration of,property,http://data.doremus.org/ontology#CLU53i_should_be_duration_of,,CLU53i should be duration of@en,,,,,efrbroo:CLP43i_should_be_dimension_of,,,,
CLU217i should be playing speed of,property,http://data.doremus.org/ontology#CLU217i_should_be_playing_speed_of,,CLU217i should be playing speed of@en,,,,,efrbroo:CLP2i_should_be_type_of,,,,
CLU198 should have container,property,http://data.doremus.org/ontology#CLU198_should_have_container,,CLU198 should have container@en,,,,,efrbroo:CLP2_should_have_type,efrbroo:F4_Manifestation_Singleton,mus:M171_Container,,
CLU53 should have duration,property,http://data.doremus.org/ontology#CLU53_should_have_duration,,CLU53 should have duration@en,,,,,efrbroo:CLP43_should_have_dimension,efrbroo:F3_Manifestation_Product_Type,ecrm:E54_Dimension,mus:CLU53i_should_be_duration_of,
U1 used medium of performance,property,http://data.doremus.org/ontology#U1_used_medium_of_performance,U1 instrument ou voix utilisé pour la performance@fr,U1 used medium of performance@en,,,,,ecrm:P125_used_object_of_type,mus:M28_Individual_Performance,mus:M14_Medium_Of_Performance,mus:U1i_medium_of_performance_was_used_in,
U1i medium of performance was used in,property,http://data.doremus.org/ontology#U1i_medium_of_performance_was_used_in,,U1i medium of performance was used in@en,,,,,ecrm:P125i_was_type_of_object_used_in,,,,
U2 foresees use of medium of performance,property,http://data.doremus.org/ontology#U2_foresees_use_of_medium_of_performance,,U2 foresees use of medium of performance@enU2 instrument ou voix prévu pour la performance@fr,,,,,ecrm:P67_refers_to,ecrm:E29_Design_or_Procedure,mus:M14_Medium_Of_Performance,mus:U2i_is_foreseen_type_of_medium_of_performance_in,
U2i is foreseen type of medium of performance in,property,http://data.doremus.org/ontology#U2i_is_foreseen_type_of_medium_of_performance_in,,U2i is foreseen type of medium of performance in@enU2i est le type d'instrument ou de voix prévu pour@fr,,,,,ecrm:P67i_is_referred_to_by,,,,
U3 forees use of specific object,property,http://data.doremus.org/ontology#U3_foresees_use_of_specific_object,,U3 forees use of specific object@enU3 utilisation prévue de l'objet spécifique@fr,,,,,ecrm:P67_refers_to,ecrm:E29_Design_or_Procedure,ecrm:E22_Man-Made_Objectecrm:E71_Man-Made_Thing,mus:U3i_is_foreseen_specific_object_in,
U3i is foreseen specific medium of performance in,property,http://data.doremus.org/ontology#U3i_is_foreseen_specific_object_in,,U3i is foreseen specific medium of performance in@enU3i est le type d'objet spécifique prévu pour@fr,,,,,ecrm:P67i_is_referred_to_by,,,,
U4 had princeps publication,property,http://data.doremus.org/ontology#U4_had_princeps_publication,,U4 had princeps publication@enU4 a pour édition princeps@fr,,,,,ecrm:P67_refers_to,ecrm:E89_Propositional_Object,efrbroo:F30_Publication_Event,mus:U4i_was_princeps_publication_of,
U4i was princeps publication of,property,http://data.doremus.org/ontology#U4i_was_princeps_publication_of,,U4i was princeps publication of@en,,,,,ecrm:P67i_is_referred_to_by,,,,
U5 had premiere,property,http://data.doremus.org/ontology#U5_had_premiere,,U5 had premiere@enU5 a une première@fr,,,,,ecrm:P67_refers_to,ecrm:E89_Propositional_Object,efrbroo:F31_Performance,mus:U5i_was_premiere_of,
U5i was premiere of,property,http://data.doremus.org/ontology#U5i_was_premiere_of,,U5i was premiere of@en,,,,,ecrm:P67i_is_referred_to_by,,,,
U6 foresees actor,property,http://data.doremus.org/ontology#U6_foresees_actor,,U6 foresees actor@en,,,,,ecrm:P67_refers_to,ecrm:E29_Design_or_Procedure,ecrm:E39_Actor,mus:U6i_is_foreseen_actor_of,
U6i is foreseen actor of,property,http://data.doremus.org/ontology#U6i_is_foreseen_actor_of,,U6i is foreseen actor of@en,,,,,ecrm:P67i_is_referred_to_by,,,,
U7 foresees place at,property,http://data.doremus.org/ontology#U7_foresees_place_at,,U7 foresees place at@en,,,,,ecrm:P67_refers_to,ecrm:E29_Design_or_Procedure,ecrm:E53_Place,mus:U7i_is_foreseen_place_of,
U7i is foreseen place of,property,http://data.doremus.org/ontology#U7i_is_foreseen_place_of,,U7i is foreseen place of@en,,,,,ecrm:P67i_is_referred_to_by,,,,
U8 foresees time-span,property,http://data.doremus.org/ontology#U8_foresees_time_span,,U8 foresees time-span@en,,,,,ecrm:P67_refers_to,ecrm:E29_Design_or_Procedure,ecrm:E52_Time-Span,mus:U8i_is_foreseen_time_span_of,
U8i is foreseen time-span of,property,http://data.doremus.org/ontology#U8i_is_foreseen_time_span_of,,U8i is foreseen time-span of@en,,,,,ecrm:P67i_is_referred_to_by,,,,
U9 has quantity,property,http://data.doremus.org/ontology#U9_has_quantity,,U9 has quantity@en,,,,,,ecrm:E77_Persistent_Item,xsd:integer,,
U10 has order number,property,http://data.doremus.org/ontology#U10_has_order_number,,U10 has order number@en,,,,,,efrbroo:F22_Self-Contained_Expression,xsd:positiveInteger,,
U11 has key,property,http://data.doremus.org/ontology#U11_has_key,,U11 has key@en,,,,,ecrm:P2_has_type,efrbroo:F22_Self-Contained_Expression,mus:M4_Key,mus:U11i_is_key_of,
U11i is key of,property,http://data.doremus.org/ontology#U11i_is_key_of,,U11i is key of@en,,,,,ecrm:P2i_is_type_of,,,,
U12 has genre,property,http://data.doremus.org/ontology#U12_has_genre,,U12 has genre@en,,,,,ecrm:P2_has_type,efrbroo:F22_Self-Contained_Expression,mus:M5_Genre,mus:U12i_is_genre_of,
U12i is genre of,property,http://data.doremus.org/ontology#U12i_is_genre_of,,U12i is genre of@en,,,,,ecrm:P2i_is_type_of,,,,
U13 has casting,property,http://data.doremus.org/ontology#U13_has_casting,,U13 has casting@en,,,,,ecrm:P67_refers_to,efrbroo:F22_Self-Contained_Expression,mus:M6_Casting,mus:U13i_is_casting_of,
U13i is casting of,property,http://data.doremus.org/ontology#U13i_is_casting_of,,U13i is casting of@en,,,,,ecrm:P67i_is_referred_to_by,,,,
U14 has tempo,property,http://data.doremus.org/ontology#U14_has_tempo,,U14 has tempo@en,,,,,ecrm:P67_refers_to,efrbroo:F22_Self-Contained_Expression,mus:M8_Tempo,mus:U14i_is_tempo_of,
U14i is tempo of,property,http://data.doremus.org/ontology#U14i_is_tempo_of,,U14i is tempo of@en,,,,,ecrm:P67i_is_referred_to_by,,,,
U15 has history,property,http://data.doremus.org/ontology#U15_has_history,,U15 has history@en,,,,,ecrm:P3_has_note,efrbroo:F22_Self-Contained_Expression,,,
U16 has catalogue statement,property,http://data.doremus.org/ontology#U16_has_catalogue_statement,,U16 has catalogue statement@en,,,,,ecrm:P1_is_identified_by,efrbroo:F22_Self-Contained_Expression,mus:M1_Catalogue_Statement,mus:U16i_is_catalogue_statement_of,
U16i is catalogue statement of,property,http://data.doremus.org/ontology#U16i_is_catalogue_statement_of,,U16i is catalogue statement of@en,,,,,ecrm:P1i_identifies,,,,
U17 has opus statement,property,http://data.doremus.org/ontology#U17_has_opus_statement,,U17 has opus statement@en,,,,,ecrm:P1_is_identified_by,efrbroo:F22_Self-Contained_Expression,mus:M2_Opus_Statement,mus:U17i_is_opus_statement_of,
U17i is opus statement of,property,http://data.doremus.org/ontology#U17i_is_opus_statement_of,,U17i is opus statement of@en,,,,,ecrm:P1i_identifies,,,,
U18 has rhythmic pattern,property,http://data.doremus.org/ontology#U18_has_rhythmic_pattern,,U18 has rhythmic pattern@en,,,,,ecrm:P2_has_type,efrbroo:F22_Self-Contained_Expression,mus:M38_Rhythmic_Pattern,mus:U18i_is_rhythmic_pattern_of,
U18i is rhythmic pattern of,property,http://data.doremus.org/ontology#U18i_is_rhythmic_pattern_of,,U18i is rhythmic pattern of@en,,,,,ecrm:P2i_is_type_of,,,,
U19 is categorized as,property,http://data.doremus.org/ontology#U19_is_categorized_as,,U19 is categorized as@en,,,,,ecrm:P2_has_type,ecrm:E1_CRM_Entity,mus:M19_Categorization,mus:U19i_categorizes,
U19i categorizes,property,http://data.doremus.org/ontology#U19i_categorizes,,U19i categorizes@en,,,,,ecrm:P2i_is_type_of,,,,
U20 has music group formation,property,http://data.doremus.org/ontology#U20_has_music_group_formation,,U20 has music group formation@en,,,,,ecrm:P2_has_type,efrbroo:F22_Self-Contained_Expression,mus:M20_Music_Group_Formation,mus:U20i_is_music_group_formation_of,
U20i is music group formation of,property,http://data.doremus.org/ontology#U20i_is_music_group_formation_of,,U20i is music group formation of@en,,,,,ecrm:P2i_is_type_of,,,,
U21 is about actor,property,http://data.doremus.org/ontology#U21_is_about_actor,,U21 is about actor@en,,,,,ecrm:P129_is_about,ecrm:E89_Propositional_Object,ecrm:E39_Actor,mus:U21i_actor_is_subject_of,
U21i actor is subject of,property,http://data.doremus.org/ontology#U21i_actor_is_subject_of,,U21i actor is subject of@en,,,,,ecrm:P129i_is_subject_of,,,,
U22 is about place,property,http://data.doremus.org/ontology#U22_is_about_place,,U22 is about place@en,,,,,ecrm:P129_is_about,ecrm:E89_Propositional_Object,ecrm:E53_Place,mus:U22i_place_is_subject_of,
U22i place is subject of,property,http://data.doremus.org/ontology#U22i_place_is_subject_of,,U22i place is subject of@en,,,,,ecrm:P129i_is_subject_of,,,,
U23 has casting detail,property,http://data.doremus.org/ontology#U23_has_casting_detail,,U23 has casting detail@en,,,,,ecrm:P69_has_association_with,mus:M6_Casting,mus:M23_Casting_Detail,mus:U23i_is_casting_detail_of,
U23i is casting detail of,property,http://data.doremus.org/ontology#U23i_is_casting_detail_of,,U23i is casting detail of@en,,,,,ecrm:P69i_is_associated_with,,,,
U24 has award,property,http://data.doremus.org/ontology#U24_has_award,,U24 has award@en,,,,,ecrm:P2_has_type,ecrm:E77_Persistent_Item,mus:M36_Award,mus:U24i_is_award_of,
U24i is award of,property,http://data.doremus.org/ontology#U24i_is_award_of,,U24i is award of@en,,,,,ecrm:P2i_is_type_of,,,,
U25 has scale,property,http://data.doremus.org/ontology#U25_has_scale,,U25 has scale@en,,,,,ecrm:P2_has_type,efrbroo:F22_Self-Contained_Expression,mus:M37_Music_Scale,mus:U25i_is_scale_of,
U25i is scale of,property,http://data.doremus.org/ontology#U25i_is_scale_of,,U25i is scale of@en,,,,,ecrm:P2i_is_type_of,,,,
U26 has maintained,property,http://data.doremus.org/ontology#U26_has_maintained,,U26 has maintained@en,,,,,ecrm:P31_has_modified,mus:M16_Maintenance,ecrm:E24_Physical_Man-Made_Thing,mus:U26i_was_maintained_by,
U26i was maintained by,property,http://data.doremus.org/ontology#U26i_was_maintained_by,,U26i was maintained by@en,,,,,ecrm:P31i_was_modified_by,,,,
U27 performed character,property,http://data.doremus.org/ontology#U27_performed_character,,U27 performed character@en,,,,,ecrm:P16_used_specific_object,mus:M28_Individual_Performance,efrbroo:F38_Character,mus:U27i_character_was_performed_by,
U27i character was performed by,property,http://data.doremus.org/ontology#U27i_character_was_performed_by,,U27i character was performed by@en,,,,,ecrm:P16i_was_used_for,,,,
U28 has ambitus,property,http://data.doremus.org/ontology#U28_has_ambitus,"scope note: this property allows for describing the tessitura of a character, as can be drawn from the score.@en",U28 has ambitus@en,,,,,ecrm:P2_has_type,efrbroo:F38_Character,mus:M30_Ambitus,mus:U28i_is_ambitus_of,
U28i is ambitus of,property,http://data.doremus.org/ontology#U28i_is_ambitus_of,,U28i is ambitus of@en,,,,,ecrm:P2i_is_type_of,,,,
U29 edited,property,http://data.doremus.org/ontology#U29_edited,,U29 edited@en,,,,,ecrm:P16_used_specific_object,mus:M29_Editing,efrbroo:F22_Self-Contained_Expression,mus:U29i_was_edited_by,
U29i was edited by,property,http://data.doremus.org/ontology#U29i_was_edited_by,,U29i was edited by@en,,,,,ecrm:P16i_was_used_for,,,,
U30 foresees quantity of medium of performance,property,http://data.doremus.org/ontology#U30_foresees_quantity_of_mop,,U30 foresees quantity of medium of performance@en,,,,,,mus:M23_Casting_Detail,xsd:positiveInteger,,
U31 had function,property,http://data.doremus.org/ontology#U31_had_function,,U31 had function@en,,,,,ecrm:P2_has_type,ecrm:E7_Activity,mus:M31_Actor_Function,mus:U31i_was_function_of,
U31i was function of,property,http://data.doremus.org/ontology#U31i_was_function_of,,U31i was function of@en,,,,,ecrm:P2i_is_type_of,,,,
U32 had responsibility,property,http://data.doremus.org/ontology#U32_had_responsibility,,U32 had responsibility@en,,,,,ecrm:P2_has_type,ecrm:E7_Activity,mus:M32_Actor_Responsibility,mus:U32i_was_responsibility_of,
U32i was responsibility of,property,http://data.doremus.org/ontology#U32i_was_responsibility_of,,U32i was responsibility of@en,,,,,ecrm:P2i_is_type_of,,,,
U33 has set of characters,property,http://data.doremus.org/ontology#U33_has_set_of_characters,,U33 has set of characters@en,,,,,ecrm:P67_refers_to,efrbroo:F22_Self-Contained_Expression,mus:M33_Set_of_Characters,mus:U33i_is_set_of_characters_of,
U33i is set of characters of,property,http://data.doremus.org/ontology#U33i_is_set_of_characters_of,,U33i is set of characters of@en,,,,,ecrm:P67i_is_referred_to_by,,,,
U34 foresees character,property,http://data.doremus.org/ontology#U34_foresees_character,,U34 foresees character@en,,,,,ecrm:P67_refers_to,mus:M33_Set_of_Characters,efrbroo:F38_Character,mus:U34i_is_foreseen_character_of,
U34i is foreseen character of,property,http://data.doremus.org/ontology#U34i_is_foreseen_character_of,,U34i is foreseen character of@en,,,,,ecrm:P67i_is_referred_to_by,,,,
U35 foresees function,property,http://data.doremus.org/ontology#U35_foresees_function,,U35 foresees function@en,,,,,ecrm:P67_refers_to,ecrm:E29_Design_or_Procedure,mus:M31_Actor_Function,mus:U35i_is_foreseen_function_of,
U35i is foreseen function of,property,http://data.doremus.org/ontology#U35i_is_foreseen_function_of,,U35i is foreseen function of@en,,,,,ecrm:P67i_is_referred_to_by,,,,
U36 foresees responsibility,property,http://data.doremus.org/ontology#U36_foresees_responsibility,,U36 foresees responsibility@en,,,,,ecrm:P67_refers_to,ecrm:E29_Design_or_Procedure,mus:M32_Actor_Responsibility,mus:U36i_is_foreseen_responsibility_of,
U36i is foreseen responsibility of,property,http://data.doremus.org/ontology#U36i_is_foreseen_responsibility_of,,U36i is foreseen responsibility of@en,,,,,ecrm:P67i_is_referred_to_by,,,,
U37 foresees performing character,property,http://data.doremus.org/ontology#U37_foresees_performing_character,,U37 foresees performing character@en,,,,,ecrm:P67_refers_to,ecrm:E29_Design_or_Procedure,efrbroo:F38_Character,mus:U37i_is_foreseen_character_in,
U37i is foreseen character in,property,http://data.doremus.org/ontology#U37i_is_foreseen_character_in,,U37i is foreseen character in@en,,,,,ecrm:P67i_is_referred_to_by,,,,
U38 has descriptive expression,property,http://data.doremus.org/ontology#U38_has_descriptive_expression,,U38 has descriptive expression@enU38 a pour expression descriptive@fr,,,,,efrbroo:R3_is_realised_in,efrbroo:F15_Complex_Work,efrbroo:F22_Self-Contained_Expression,mus:U38i_is_descriptive_expression_of,
U38i is descriptive expression of,property,http://data.doremus.org/ontology#U38i_is_descriptive_expression_of,,U38i is descriptive expression of@en,,,,,efrbroo:R3i_realises,,,,
U39 has tuned,property,http://data.doremus.org/ontology#U39_has_tuned,,U39 has tuned@en,,,,,mus:U26_has_maintained,mus:M16_Maintenance,ecrm:E22_Man-Made_Object,mus:U39i_was_tuned_by,
U39i was tuned by,property,http://data.doremus.org/ontology#U39i_was_tuned_by,,U39i was tuned by@en,,,,,mus:U26i_was_maintained_by,,,,
U40 has catalogue name,property,http://data.doremus.org/ontology#U40_has_catalogue_name,,U40 has catalogue name@en,,,,,ecrm:P106_is_composed_of,mus:M1_Catalogue_Statement,mus:M10_Catalogue_Name,mus:U40i_is_catalogue_name_of,
U40i is catalogue name of,property,http://data.doremus.org/ontology#U40i_is_catalogue_name_of,,U40i is catalogue name of@en,,,,,ecrm:P106i_forms_part_of,,,,
U41 has catalogue number,property,http://data.doremus.org/ontology#U41_has_catalogue_number,,U41 has catalogue number@en,,,,,,mus:M1_Catalogue_Statement,xsd:string,,
U42 has opus number,property,http://data.doremus.org/ontology#U42_has_opus_number,,U42 has opus number@en,,,,,,mus:M2_Opus_Statement,xsd:string,,
U43 has opus subnumber,property,http://data.doremus.org/ontology#U43_has_opus_subnumber,,U43 has opus subnumber@en,,,,,,mus:M2_Opus_Statement,xsd:string,,
U44 has dedication statement,property,http://data.doremus.org/ontology#U44_has_dedication_statement,,U44 has dedication statement@en,,,,,ecrm:P67_refers_to,efrbroo:F22_Self-Contained_Expression,mus:M15_Dedication_Statement,mus:U44i_is_dedication_statement_of,
U44i is dedication statement of,property,http://data.doremus.org/ontology#U44i_is_dedication_statement_of,,U44i is dedication statement of@en,,,,,ecrm:P67i_is_referred_to_by,,,,
U45 has metronome indication,property,http://data.doremus.org/ontology#U45_has_metronome_indication,,U45 has metronome indication@enU45 a pour indication métronomique@fr,,,,,ecrm:P67_refers_to,efrbroo:F22_Self-Contained_Expression,mus:M41_Metronome_Indication,mus:U45i_is_metronome_indication_of,
U45i is metronome indication of,property,http://data.doremus.org/ontology#U45i_is_metronome_indication_of,,U45i is metronome indication of@en,,,,,ecrm:P67i_is_referred_to_by,,,,
U46 occurred in context,property,http://data.doremus.org/ontology#U46_occurred_in_context,,U46 occurred in context@en,,,,,ecrm:P2_has_type,ecrm:E7_Activity,mus:M40_Context,mus:U46i_was_context_of,
U46i was context of,property,http://data.doremus.org/ontology#U46i_was_context_of,,U46i was context of@en,,,,,ecrm:P2i_is_type_of,,,,
U47 has derivation type,property,http://data.doremus.org/ontology#U47_has_derivation_type,,U47 has derivation type@en,,,,,ecrm:P2_has_type,ecrm:E89_Propositional_Object,mus:M9_Derivation_Type,mus:U47i_is_derivation_type_of,
U47i is derivation type of,property,http://data.doremus.org/ontology#U47i_is_derivation_type_of,,U47i is derivation type of@en,,,,,ecrm:P2i_is_type_of,,,,
U48 foresees quantity of actors,property,http://data.doremus.org/ontology#U48_foresees_quantity_of_actors,,U48 foresees quantity of actors@en,,,,,,mus:M23_Casting_Detail,xsd:positiveInteger,,
U49 created for actor,property,http://data.doremus.org/ontology#U49_created_for_actor,personne ou groupe pour lequel l'Expression a été créée.@fr,U49 created for actor@en,,,,,ecrm:P15_was_influenced_by,efrbroo:F28_Expression_Creation,ecrm:E39_Actor,mus:U49i_actor_motivated,
U49i actor motivated,property,http://data.doremus.org/ontology#U49i_actor_motivated,,U49i actor motivated@en,,,,,ecrm:P15i_influenced,,,,
U50 Has annotation,property,http://data.doremus.org/ontology#U50_has_annotation,,U50 Has annotation@en,,,,,ecrm:P3_has_note,ecrm:E1_CRM_Entity,xsd:string,,
U51 is partial or full recording of,property,http://data.doremus.org/ontology#U51_is_partial_or_full_recording_of,,U51 is partial or full recording of@en,,,,,ecrm:P130_shows_features_of,mus:M46_Set_of_Tracks,mus:M43_Performed_Expression,mus:U51i_has_partial_or_full_recording,
U51i has partial or full recording,property,http://data.doremus.org/ontology#U51i_has_partial_or_full_recording,,U51i has partial or full recording@en,,,,,ecrm:P130i_features_are_also_found_on,,,,
U52 has context,property,http://data.doremus.org/ontology#U52_has_context,,U52 has context@en,,,,,ecrm:P2_has_type,efrbroo:F22_Self-Contained_Expression,mus:M40_Context,mus:U52i_is_context_of,
U52i is context of,property,http://data.doremus.org/ontology#U52i_is_context_of,,U52i is context of@en,,,,,ecrm:P2i_is_type_of,,,,
U53 has duration,property,http://data.doremus.org/ontology#U53_has_duration,,U53 has duration@en,,,,,ecrm:P43_has_dimension,efrbroo:F2_Expression,ecrm:E54_Dimension,mus:U53i_is_duration_of,
U53i is duration of,property,http://data.doremus.org/ontology#U53i_is_duration_of,,U53i is duration of@en,,,,,ecrm:P43i_is_dimension_of,,,,
U54 is performed expression of,property,http://data.doremus.org/ontology#U54_is_performed_expression_of,,U54 is performed expression of@en,,,,,ecrm:P130_shows_features_of,mus:M43_Performed_Expression,efrbroo:F22_Self-Contained_Expression,mus:U54i_has_performed_expression,
U54i has performed expression,property,http://data.doremus.org/ontology#U54i_has_performed_expression,,U54i has performed expression@en,,,,,ecrm:P130i_features_are_also_found_on,,,,
U55 incorporates performed expression,property,http://data.doremus.org/ontology#U55_incorporates_performed_expression,,U55 incorporates performed expression@en,,,,,ecrm:P165_incorporates,efrbroo:F24_Publication_Expression,mus:M43_Performed_Expression,mus:U55i_performed_expression_is_incorporated_in,
U55i performed expression is incorporated in,property,http://data.doremus.org/ontology#U55i_performed_expression_is_incorporated_in,,U55i performed expression is incorporated in@en,,,,,ecrm:P165i_is_incorporated_in,,,,
U56 occurred in historical context,property,http://data.doremus.org/ontology#U56_occurred_in_historical_context,,U56 occurred in historical context@en,,,,,mus:U46_occurred_in_context,ecrm:E7_Activity,mus:M40_Context,mus:U56i_was_historical_context_of,
U56i was historical context of,property,http://data.doremus.org/ontology#U56i_was_historical_context_of,,U56i was historical context of@en,,,,,mus:U46i_was_context_of,,,,
U57 occurred in religious context,property,http://data.doremus.org/ontology#U57_occurred_in_religious_context,,U57 occurred in religious context@en,,,,,mus:U46_occurred_in_context,ecrm:E7_Activity,mus:M40_Context,mus:U57i_was_religious_context_of,
U57i was religious context of,property,http://data.doremus.org/ontology#U57i_was_religious_context_of,,U57i was religious context of@en,,,,,mus:U46i_was_context_of,,,,
U58 has full published recording,property,http://data.doremus.org/ontology#U58_has_full_published_recording,,U58 has full published recording@en,,,,,ecrm:P130i_features_are_also_found_on,efrbroo:F22_Self-Contained_Expression,efrbroo:F24_Publication_Expression,mus:U58i_is_full_published_recording_of,
U58i is full published recording of,property,http://data.doremus.org/ontology#U58i_is_full_published_recording_of,,U58i is full published recording of@en,,,,,ecrm:P130_shows_features_of,,,,
U59 has partial published recording,property,http://data.doremus.org/ontology#U59_has_partial_published_recording,,U59 has partial published recording@en,,,,,ecrm:P130i_features_are_also_found_on,efrbroo:F22_Self-Contained_Expression,efrbroo:F24_Publication_Expression,mus:U59i_is_partial_published_recording_of,
U59i is partial published recording of,property,http://data.doremus.org/ontology#U59i_is_partial_published_recording_of,,U59i is partial published recording of@en,,,,,ecrm:P130_shows_features_of,,,,
U60 occurred in cultural context,property,http://data.doremus.org/ontology#U60_occurred_in_cultural_context,,U60 occurred in cultural context@en,,,,,mus:U46_occurred_in_context,ecrm:E7_Activity,mus:M40_Context,mus:U60i_was_cultural_context_of,
U60i was cultural context of,property,http://data.doremus.org/ontology#U60i_was_cultural_context_of,,U60i was cultural context of@en,,,,,mus:U46i_was_context_of,,,,
U61 occurred in geographical context,property,http://data.doremus.org/ontology#U61_occurred_in_geographical_context,,U61 occurred in geographical context@en,,,,,mus:U46_occurred_in_context,ecrm:E7_Activity,mus:M40_Context,mus:U61i_was_geographical_context_of,
U61i was geographical context of,property,http://data.doremus.org/ontology#U61i_was_geographical_context_of,,U61i was geographical context of@en,,,,,mus:U46i_was_context_of,,,,
U62 has form,property,http://data.doremus.org/ontology#U62_has_form,,U62 has form@en,,,,,ecrm:P2_has_type,efrbroo:F22_Self-Contained_Expression,mus:M22_Form,mus:U62i_is_form_of,
U62i is form of,property,http://data.doremus.org/ontology#U62i_is_form_of,,U62i is form of@en,,,,,ecrm:P2i_is_type_of,,,,
U63 has religious context,property,http://data.doremus.org/ontology#U63_has_religious_context,,U63 has religious context@en,,,,,mus:U52_has_context,efrbroo:F22_Self-Contained_Expression,mus:M40_Context,mus:U63i_is_religious_context_of,
U63i is religious context of,property,http://data.doremus.org/ontology#U63i_is_religious_context_of,,U63i is religious context of@en,,,,,mus:U52i_is_context_of,,,,
U64 has cultural context,property,http://data.doremus.org/ontology#U64_has_cultural_context,,U64 has cultural context@en,,,,,mus:U52_has_context,efrbroo:F22_Self-Contained_Expression,mus:M40_Context,mus:U64i_is_cultural_context_of,
U64i is cultural context of,property,http://data.doremus.org/ontology#U64i_is_cultural_context_of,,U64i is cultural context of@en,,,,,mus:U52i_is_context_of,,,,
U65 has geographical context,property,http://data.doremus.org/ontology#U65_has_geographical_context,,U65 has geographical context@en,,,,,mus:U52_has_context,efrbroo:F22_Self-Contained_Expression,mus:M40_Context,mus:U65i_is_geographical_context_of,
U65i is geographical context of,property,http://data.doremus.org/ontology#U65i_is_geographical_context_of,,U65i is geographical context of@en,,,,,mus:U52i_is_context_of,,,,
U66 has historical context,property,http://data.doremus.org/ontology#U66_has_historical_context,,U66 has historical context@en,,,,,mus:U52_has_context,efrbroo:F22_Self-Contained_Expression,mus:M40_Context,mus:U66i_is_historical_context_of,
U66i is historical context of,property,http://data.doremus.org/ontology#U66i_is_historical_context_of,,U66i is historical context of@en,,,,,mus:U52i_is_context_of,,,,
U67 has subtitle,property,http://data.doremus.org/ontology#U67_has_subtitle,,U67 has subtitle@enU67 a pour sous-titre@fr,,,,,dc:title,ecrm:E71_Man-Made_Thing,xsd:string,,
U68 has variant title,property,http://data.doremus.org/ontology#U68_has_variant_title,,U68 has variant title@enU68 a pour variante de titre@fr,,,,,dc:title,ecrm:E71_Man-Made_Thing,xsd:string,,
U69 has WoO number,property,http://data.doremus.org/ontology#U69_has_WoO_number,,U69 has WoO number@enU69 a pour numéro de WoO@fr,,,,,,mus:M2_Opus_Statement,xsd:string,,
U70 has original title,property,http://data.doremus.org/ontology#U70_has_original_title,,U70 has original title@enU70 a pour titre originel@fr,,,,,dc:title,ecrm:E89_Propositional_Object,xsd:string,,
U71 has uniform title,property,http://data.doremus.org/ontology#U71_has_uniform_title,,U71 has uniform title@enU71 a pour titre uniforme@fr,,,,,dc:title,ecrm:E89_Propositional_Object,xsd:string,,
U72 has title note,property,http://data.doremus.org/ontology#U72_has_title_note,,U72 has title note@en,,,,,ecrm:P3_has_note,ecrm:E89_Propositional_Object,,,
U73 is derivative of,property,http://data.doremus.org/ontology#U73_is_derivative_of,,U73 is derivative of@en,,,,,ecrm:P130_shows_features_of,efrbroo:F2_Expression,efrbroo:F2_Expression,mus:U73i_has_derivative,
U73i has derivative,property,http://data.doremus.org/ontology#U73i_has_derivative,,U73i has derivative@en,,,,,ecrm:P130i_features_are_also_found_on,,,,
U74 cited,property,http://data.doremus.org/ontology#U74_cited,,U74 cited@en,,,,,ecrm:P16_used_specific_object,efrbroo:F28_Expression_Creation,efrbroo:F22_Self-Contained_Expression,mus:U74i_was_cited_by,
U74i was cited by,property,http://data.doremus.org/ontology#U74i_was_cited_by,,U74i was cited by@en,,,,,ecrm:P16i_was_used_for,,,,
U75 has harmonic structure,property,http://data.doremus.org/ontology#U75_has_harmonic_structure,,U75 has harmonic structure@en,,,,,ecrm:P2_has_type,efrbroo:F22_Self-Contained_Expression,mus:M21_Harmonic_Structure,mus:U75i_is_harmonic_structure_of,
U75i is harmonic structure of,property,http://data.doremus.org/ontology#U75i_is_harmonic_structure_of,,U75i is harmonic structure of@en,,,,,ecrm:P2i_is_type_of,,,,
U76 has WoO subnumber,property,http://data.doremus.org/ontology#U76_has_WoO_subnumber,,U76 has WoO subnumber@en,,,,,,mus:M2_Opus_Statement,xsd:string,,
U77 foresees performing plan,property,http://data.doremus.org/ontology#U77_foresees_performing_plan,,U77 foresees performing plan@en,,,,,ecrm:P67_refers_to,mus:M25_Foreseen_Activity,efrbroo:F25_Performance_Plan,mus:U77i_is_foreseen_plan_in,
U77i is foreseen plan in,property,http://data.doremus.org/ontology#U77i_is_foreseen_plan_in,,U77i is foreseen plan in@en,,,,,ecrm:P67i_is_referred_to_by,,,,
U78 estimated duration,property,http://data.doremus.org/ontology#U78_estimated_duration,"La durée éditeur n'est pas ""mesurée"" mais ""estimée""@fr",U78 estimated duration@enU78 durée estimée@fr,,,,,,,,,
U79 has lowest pitch,property,http://data.doremus.org/ontology#U79_has_lowest_pitch,,U79 has lowest pitch@en,,,,,ecrm:P3_has_note,mus:M30_Ambitus,xsd:string,,
U80 has highest pitch,property,http://data.doremus.org/ontology#U80_has_highest_pitch,,U80 has highest pitch@en,,,,,ecrm:P3_has_note,mus:M30_Ambitus,xsd:string,,
U81 had performer status,property,http://data.doremus.org/ontology#U81_had_performer_status,,U81 had performer status@en,,,,,ecrm:P2_has_type,efrbroo:F31_Performance,mus:M49_Performer_Status,mus:U81i_is_performer_status_of,
U81i is performer status of,property,http://data.doremus.org/ontology#U81i_is_performer_status_of,,U81i is performer status of@en,,,,,ecrm:P2i_is_type_of,,,,
U82 has foreseen performer status,property,http://data.doremus.org/ontology#U82_has_foreseen_performer_status,,U82 has foreseen performer status@en,,,,,ecrm:P2_has_type,mus:M26_Foreseen_Performance,mus:M49_Performer_Status,mus:U82i_is_foreseen_performer_status_of,
U82i is foreseen performer status of,property,http://data.doremus.org/ontology#U82i_is_foreseen_performer_status_of,,U82i is foreseen performer status of@en,,,,,ecrm:P2i_is_type_of,,,,
U83 has relative key,property,http://data.doremus.org/ontology#U83_has_relative_key,"see also http://en.wikipedia.org/wiki/Relative_keyScope Note: This class allows to connect two M4 Keys that are in a relative relationship, i.e. one is the relative major or minor of the other one.@enExamples: the key of 'C major' has 'A minor' as relative key@enExemples: la clé de 'Do majeur' a 'La mineur' pour tonalité relative@frScope Note: Cette classe permet de connecter deux M4 Tonalité qui sont en relation par rapport à l'armure, c'est-à-dire l'une est la relatif majeur ou mineur de l'autre.@fr",U83 has relative key@enU83 a pour tonalité relative@fr,,,,,,mus:M4_Key,mus:M4_Key,,
U84 has parallel key,property,http://data.doremus.org/ontology#U84_has_parallel_key,"Exemples: la clé de 'Do majeur' a 'Do mineur' pour tonalité parallèle@frExamples: the key of 'C major' has 'C minor' as parallel key@ensee also http://en.wikipedia.org/wiki/Parallel_keyScope Note: Cette classe permet de connecter deux M4 Tonalité qui sont en une relation parallèle, c'est-à-dire l'une est la parallèle majeur ou mineur de l'autre.@frScope Note: This class allows to connect two M4 Keys that are in a parallel relationship, i.e. one is the parallel major or minor of the other one.@en",U84 has parallel key@enU84 a pour tonalité parallèle@fr,,,,,,mus:M4_Key,mus:M4_Key,,
U85 has closely related key,property,http://data.doremus.org/ontology#U85_has_closely_related_key,"Scope Note: Cette classe permet de connecter deux M4 Tonalité qui sont étroitement liées d'un point de vue harmonique, par ex. ceux sont des destinations ou des transpositions fréquemment utilisées dans une modulation@frExemples: la clé de 'Do majeur' a 'Sol majeur' et 'Re majeur' pour tonalités étroitement liées@frsee also http://en.wikipedia.org/wiki/Closely_related_keyExamples: the key of 'C major' has 'G major' and 'D minor' as closely related keys@enScope Note: This class allows to connect two M4 Keys that are mutually closely related from an harmonic point of view, e.g. they are commonly used destinations or transpositions in a modulation.@en",U85 has closely related key@enU85 a pour tonalité étroitement lié@fr,,,,,,mus:M4_Key,mus:M4_Key,,
U87 has member casting detail,property,http://data.doremus.org/ontology#U87_has_member_casting_detail,,U87 has member casting detail@en,,,,,ecrm:P69_has_association_with,mus:M23_Casting_Detail,mus:M23_Casting_Detail,mus:U87i_is_member_casting_detail_of,"m.o.p section as foreseen by the composer, performer or programmer.@en"
U87i is member casting detail of,property,http://data.doremus.org/ontology#U87i_is_member_casting_detail_of,,U87i is member casting detail of@en,,,,,ecrm:P69i_is_associated_with,,,,
mus:U88_has_medium_of_performance_section,property,http://data.doremus.org/ontology#U88_has_medium_of_performance_section,U88 has medium of performance section@en,,,,,,mus:U87_has_member_casting_detail,mus:M23_Casting_Detail,mus:M23_Casting_Detail,,
U88i is member of performance section of,property,http://data.doremus.org/ontology#U88i_is_member_of_performance_section_of,,U88i is member of performance section of@en,,,,,mus:U87i_is_member_casting_detail_of,,,,
U89 occured in performance conditions,property,http://data.doremus.org/ontology#U89_occured_in_performance_conditions,,U89 occured in performance conditions@en,,,,,ecrm:P2_has_type,ecrm:E5_Event,mus:M55_Condition_of_Performance,mus:U89i_were_performance_conditions_of,
mus:U89i_were_performance_conditions_of,property,http://data.doremus.org/ontology#U89i_were_performance_conditions_of,,,,,,,,,,,
U90 foresees creation or performance mode,property,http://data.doremus.org/ontology#U90_foresees_creation_or_performance_mode,,U90 foresees creation or performance mode@en,,,,,ecrm:P67_refers_to,_:ub368bL1920C59,mus:M50_Creation_or_Performance_Mode,mus:U90i_were_performance_conditions_of,
U90i were performance conditions of,property,http://data.doremus.org/ontology#U90i_were_performance_conditions_of,,U90i were performance conditions of@en,,,,,ecrm:P67i_is_referred_to_by,,,,
U91 put into effect,property,http://data.doremus.org/ontology#U91_put_into_effect,,U91 put into effect@en,,,,,ecrm:P33_used_specific_technique,ecrm:E7_Activity,mus:M59_Program,mus:U91i_was_put_into_effect_through,
U91i was put into effect through,property,http://data.doremus.org/ontology#U91i_was_put_into_effect_through,,U91i was put into effect through@en,,,,,ecrm:P33i_was_used_by,,,,
U92 foresees to put into effect,property,http://data.doremus.org/ontology#U92_foresees_to_put_into_effect,,U92 foresees to put into effect@en,,,,,ecrm:P33_used_specific_technique,mus:M25_Foreseen_Activity,mus:M59_Program,mus:U92_is_foreseen_to_be_put_into_effect_through,
U92 is foreseen to be put into effect  through,property,http://data.doremus.org/ontology#U92_is_foreseen_to_be_put_into_effect_through,,U92 is foreseen to be put into effect  through@en,,,,,ecrm:P33i_was_used_by,,,,
U93 is realised in,property,http://data.doremus.org/ontology#U93_is_realised_in,,U93 is realised in@en,,,,,efrbroo:R3_is_realised_in,mus:M58_Programming_Work,mus:M59_Program,mus:U93i_realises,
U93 realises,property,http://data.doremus.org/ontology#U93i_realises,,U93 realises@en,,,,,efrbroo:R3i_realises,,,,
U93 has work type,property,http://data.doremus.org/ontology#U94_has_work_type,,U93 has work type@en,,,,,ecrm:P2_has_type,efrbroo:F1_Work,mus:M61_Work_Type,mus:U94i_is_work_type_of,
U94i is work type of,property,http://data.doremus.org/ontology#U94i_is_work_type_of,,U94i is work type of@en,,,,,ecrm:P2i_is_type_of,,,,
U95 has hierarchical level,property,http://data.doremus.org/ontology#U95_has_hierarchical_level,,U95 has hierarchical level@en,,,,,ecrm:P2_has_type,efrbroo:F1_Work,mus:M62_Hierarchical_Level,mus:U95i_is_hierarchical_level_of,
U95 is hierarchical leval of,property,http://data.doremus.org/ontology#U95i_is_hierarchical_level_of,,U95 is hierarchical leval of@en,,,,,ecrm:P2i_is_type_of,,,,
U96 foresees vocal or instrumental technique,property,http://data.doremus.org/ontology#U96_foresees_vocal_or_instrumental_technique,,U96 foresees vocal or instrumental technique@en,,,,,ecrm:P67_refers_to,_:ub368bL2014C62,ecrm:E1_CRM_Entity,mus:U96i_is_foreseen_vocal_or_instrumental_technique_of,
U96i is foreseen vocal or instrumental technique of,property,http://data.doremus.org/ontology#U96i_is_foreseen_vocal_or_instrumental_technique_of,,U96i is foreseen vocal or instrumental technique of@en,,,,,ecrm:P67i_is_referred_to_by,,,,
U167 has title proper,property,http://data.doremus.org/ontology#U167_has_title_proper,,U167 has title proper@en,,,,,ecrm:P102_has_title,efrbroo:F22_Self-Contained_Expression,ecrm:E35_Title,mus:U167i_is_title_proper_of,
U167i is title proper of,property,http://data.doremus.org/ontology#U167i_is_title_proper_of,,U167i is title proper of@en,,,,,ecrm:P102i_is_title_of,,,,
U168 has parallel title,property,http://data.doremus.org/ontology#U168_has_parallel_title,,U168 has parallel title@en,,,,,ecrm:P102_has_title,efrbroo:F22_Self-Contained_Expression,ecrm:E35_Title,mus:U168i_is_parallel_title_of,
U168i is parallel title of,property,http://data.doremus.org/ontology#U168i_is_parallel_title_of,,U168i is parallel title of@en,,,,,ecrm:P102i_is_title_of,,,,
U169 was issued under label name,property,http://data.doremus.org/ontology#U169_was_issued_under_label_name,,U169 was issued under label name@en,,,,,,efrbroo:F24_Publication_Expression,mus:M154_Label_Name,,
U170 has title statement,property,http://data.doremus.org/ontology#U170_has_title_statement,,U170 has title statement@en,,,,,ecrm:P148_has_component,efrbroo:F22_Self-Contained_Expression,mus:M156_Title_Statement,mus:U170i_is_title_statement_of,
U170i is title statement of,property,http://data.doremus.org/ontology#U170i_is_title_statement_of,,U170i is title statement of@en,,,,,ecrm:P148i_is_component_of,,,,
U171 has parallel title statement,property,http://data.doremus.org/ontology#U171_has_parallel_title_statement,,U171 has parallel title statement@en,,,,,ecrm:P148_has_component,efrbroo:F22_Self-Contained_Expression,mus:M156_Title_Statement,mus:U171i_is_parallel_title_statement_of,
U171i is parallel title statement of,property,http://data.doremus.org/ontology#U171i_is_parallel_title_statement_of,,U171i is parallel title statement of@en,,,,,ecrm:P148i_is_component_of,,,,
U172 has statement of responsibility relating to title,property,http://data.doremus.org/ontology#U172_has_statement_of_responsibility_relating_to_title,,U172 has statement of responsibility relating to title@en,,,,,ecrm:P148_has_component,efrbroo:F22_Self-Contained_Expression,mus:M157_Statement_of_Responsibility,mus:U172i_is_statement_of_responsibility_relating_to_title_of,
U172i is statement of responsibility relating to title of,property,http://data.doremus.org/ontology#U172i_is_statement_of_responsibility_relating_to_title_of,,U172i is statement of responsibility relating to title of@en,,,,,ecrm:P148i_is_component_of,,,,
U173 has parallel statement of responsibility relating to title,property,http://data.doremus.org/ontology#U173_has_parallel_statement_of_responsibility_relating_to_title,,U173 has parallel statement of responsibility relating to title@en,,,,,ecrm:P148_has_component,efrbroo:F22_Self-Contained_Expression,mus:M157_Statement_of_Responsibility,mus:U173i_is_parallel_statement_of_responsibility_relating_to_title_of,
U173i is parallel statement of responsibility relating to title of,property,http://data.doremus.org/ontology#U173i_is_parallel_statement_of_responsibility_relating_to_title_of,,U173i is parallel statement of responsibility relating to title of@en,,,,,ecrm:P148i_is_component_of,,,,
U174 has cast statement,property,http://data.doremus.org/ontology#U174_has_cast_statement,,U174 has cast statement@en,,,,,ecrm:P148_has_component,efrbroo:F22_Self-Contained_Expression,mus:M155_Cast_Statement,mus:U174i_is_cast_statement_of,
U174i is cast statement of,property,http://data.doremus.org/ontology#U174i_is_cast_statement_of,,U174i is cast statement of@en,,,,,ecrm:P148i_is_component_of,,,,
U175 has parallel cast statement,property,http://data.doremus.org/ontology#U175_has_parallel_cast_statement,,U175 has parallel cast statement@en,,,,,ecrm:P148_has_component,efrbroo:F22_Self-Contained_Expression,mus:M155_Cast_Statement,,
U175i is parallel cast statement of,property,http://data.doremus.org/ontology#U175i_is_parallel_cast_statement_of,,U175i is parallel cast statement of@en,,,,,ecrm:P148i_is_component_of,,,,
U176 has edition statement,property,http://data.doremus.org/ontology#U176_has_edition_statement,,U176 has edition statement@en,,,,,ecrm:P148_has_component,efrbroo:F24_Publication_Expression,mus:M159_Edition_Statement,mus:U176i_is_edition_statement_of,
U176i is edition statement of,property,http://data.doremus.org/ontology#U176i_is_edition_statement_of,,U176i is edition statement of@en,,,,,ecrm:P148i_is_component_of,,,,
U177 has parallel edition statement,property,http://data.doremus.org/ontology#U177_has_parallel_edition_statement,,U177 has parallel edition statement@en,,,,,ecrm:P148_has_component,efrbroo:F24_Publication_Expression,mus:M159_Edition_Statement,mus:U177i_is_parallel_edition_statement_of,
U177i is parallel edition statement of,property,http://data.doremus.org/ontology#U177i_is_parallel_edition_statement_of,,U177i is parallel edition statement of@en,,,,,ecrm:P148i_is_component_of,,,,
U178 has statement of responsibility relating to edition,property,http://data.doremus.org/ontology#U178_has_statement_of_responsibility_relating_to_edition,,U178 has statement of responsibility relating to edition@en,,,,,ecrm:P148_has_component,efrbroo:F24_Publication_Expression,mus:M157_Statement_of_Responsibility,mus:U178i_is_statement_of_responsibility_relating_to_edition_of,
U178i is statement of responsibility relating to edition of,property,http://data.doremus.org/ontology#U178i_is_statement_of_responsibility_relating_to_edition_of,,U178i is statement of responsibility relating to edition of@en,,,,,ecrm:P148i_is_component_of,,,,
U179 has parallel statement of responsibility relating to edition,property,http://data.doremus.org/ontology#U179_has_parallel_statement_of_responsibility_relating_to_edition,,U179 has parallel statement of responsibility relating to edition@en,,,,,ecrm:P148_has_component,efrbroo:F24_Publication_Expression,mus:M157_Statement_of_Responsibility,mus:U179i_is_parallel_statement_of_responsibility_relating_to_edition_of,
U179i is parallel statement of responsibility relating to edition of,property,http://data.doremus.org/ontology#U179i_is_parallel_statement_of_responsibility_relating_to_edition_of,,U179i is parallel statement of responsibility relating to edition of@en,,,,,ecrm:P148i_is_component_of,,,,
U180 has additional edition statement,property,http://data.doremus.org/ontology#U180_has_additional_edition_statement,,U180 has additional edition statement@en,,,,,ecrm:P148_has_component,efrbroo:F24_Publication_Expression,mus:M159_Edition_Statement,mus:U180i_is_additional_edition_statement_of,
U180i is additional edition statement of,property,http://data.doremus.org/ontology#U180i_is_additional_edition_statement_of,,U180i is additional edition statement of@en,,,,,ecrm:P148i_is_component_of,,,,
U181 has parallel additional edition statement,property,http://data.doremus.org/ontology#U181_has_parallel_additional_edition_statement,,U181 has parallel additional edition statement@en,,,,,ecrm:P148_has_component,efrbroo:F24_Publication_Expression,mus:M159_Edition_Statement,mus:U181i_is_parallel_additional_edition_statement_of,
U181i is parallel additional edition statement of,property,http://data.doremus.org/ontology#U181i_is_parallel_additional_edition_statement_of,,U181i is parallel additional edition statement of@en,,,,,ecrm:P148i_is_component_of,,,,
U182 has music format statement,property,http://data.doremus.org/ontology#U182_has_music_format_statement,,U182 has music format statement@en,,,,,ecrm:P148_has_component,efrbroo:F24_Publication_Expression,mus:M163_Music_Format_Statement,mus:U182i_is_music_format_statement_of,
U182i is music format statement of,property,http://data.doremus.org/ontology#U182i_is_music_format_statement_of,,U182i is music format statement of@en,,,,,ecrm:P148i_is_component_of,,,,
U183 has parallel music format statement,property,http://data.doremus.org/ontology#U183_has_parallel_music_format_statement,,U183 has parallel music format statement@en,,,,,ecrm:P148_has_component,efrbroo:F24_Publication_Expression,mus:M163_Music_Format_Statement,mus:U183i_is_parallel_music_format_statement_of,
U183i is parallel music format statement of,property,http://data.doremus.org/ontology#U183i_is_parallel_music_format_statement_of,,U183i is parallel music format statement of@en,,,,,ecrm:P148i_is_component_of,,,,
U184 has publication statement,property,http://data.doremus.org/ontology#U184_has_publication_statement,,U184 has publication statement@en,,,,,ecrm:P148_has_component,efrbroo:F24_Publication_Expression,mus:M160_Publication_Statement,mus:U184i_is_publication_statement_of,
U184i is publication statement of,property,http://data.doremus.org/ontology#U184i_is_publication_statement_of,,U184i is publication statement of@en,,,,,ecrm:P148i_is_component_of,,,,
U185 has distribution statement,property,http://data.doremus.org/ontology#U185_has_distribution_statement,,U185 has distribution statement@en,,,,,ecrm:P148_has_component,efrbroo:F24_Publication_Expression,mus:M161_Distribution_Statement,mus:U185i_is_distribution_statement_of,
U185i is distribution statement of,property,http://data.doremus.org/ontology#U185i_is_distribution_statement_of,,U185i is distribution statement of@en,,,,,ecrm:P148i_is_component_of,,,,
U186 has printing or manufacture statement,property,http://data.doremus.org/ontology#U186_has_printing_or_manufacture_statement,,U186 has printing or manufacture statement@en,,,,,ecrm:P148_has_component,efrbroo:F24_Publication_Expression,ecrm:E33_Linguistic_Object,mus:U186i_is_printing_or_manufacture_statement_of,
U186i is printing or manufacture statement of,property,http://data.doremus.org/ontology#U186i_is_printing_or_manufacture_statement_of,,U186i is printing or manufacture statement of@en,,,,,ecrm:P148i_is_component_of,,,,
U187 has multipart monograph statement,property,http://data.doremus.org/ontology#U187_has_multipart_monographs_statement,,U187 has multipart monograph statement@en,,,,,ecrm:P148_has_component,efrbroo:F24_Publication_Expression,mus:M164_Multipart_Monograph_Statement,,
U187i is multipart monograph statement of,property,http://data.doremus.org/ontology#M187i_is_multipart_monograph_statement_of,,U187i is multipart monograph statement of@en,,,,,ecrm:P148i_is_component_of,,,mus:U187_has_multipart_monographs_statement,
U188 has series statement,property,http://data.doremus.org/ontology#U188_has_series_statement,,U188 has series statement@en,,,,,ecrm:P148_has_component,efrbroo:F24_Publication_Expression,mus:M162_Series_Statement,mus:U188i_is_series_statement_of,
U188i is series statement of,property,http://data.doremus.org/ontology#U188i_is_series_statement_of,,U188i is series statement of@en,,,,,ecrm:P148i_is_component_of,,,,
U189 has main series statement,property,http://data.doremus.org/ontology#U189_has_main_series_statement,,U189 has main series statement@en,,,,,ecrm:P148_has_component,efrbroo:F24_Publication_Expression,mus:M162_Series_Statement,,
U189i is main series statement of,property,http://data.doremus.org/ontology#M189i_is_main_series_statement_of,,U189i is main series statement of@en,,,,,ecrm:P148i_is_component_of,,,mus:U189_has_main_series_statement,
U191 used equalization technique,property,http://data.doremus.org/ontology#U191_used_equalization_technique,,U191 used equalization technique@en,,,,,ecrm:P32_used_general_technique,mus:M29_Editing,mus:M52_Equalization_Technique,mus:U191i_was_technique_of_equalization,
U191i was technique of equalization,property,http://data.doremus.org/ontology#U191i_was_technique_of_equalization,,U191i was technique of equalization@en,,,,,ecrm:P32i_was_technique_of,,,,
U192 used noise reduction technique,property,http://data.doremus.org/ontology#U192_used_noise_reduction_technique,,U192 used noise reduction technique@en,,,,,ecrm:P32_used_general_technique,mus:M29_Editing,mus:M53_Noise_Reduction_Technique,mus:U192i_was_technique_of_noise_reduction,
U192i was technique of noise reduction,property,http://data.doremus.org/ontology#U192i_was_technique_of_noise_reduction,,U192i was technique of noise reduction@en,,,,,ecrm:P32i_was_technique_of,,,,
U193 used historical instruments,property,http://data.doremus.org/ontology#U193_used_historical_instruments,,U193 used historical instruments@en,,,,,ecrm:P3_has_note,efrbroo:F31_Performance,xsd:string,,
U194 has system requirements,property,http://data.doremus.org/ontology#U194_has_system_requirements,,U194 has system requirements@en,,,,,ecrm:P3_has_note,ecrm:E71_Man-Made_Thing,xsd:string,,
U195 has order or location indication,property,http://data.doremus.org/ontology#U195_has_order_or_location_indication,,U195 has order or location indication@en,,,,,ecrm:P148_has_component,efrbroo:F2_Expression,ecrm:E73_Information_Object,,
U197 has binding,property,http://data.doremus.org/ontology#U197_has_binding,,U197 has binding@en,,,,,ecrm:P2_has_type,efrbroo:F4_Manifestation_Singleton,mus:M170_Binding,mus:U197i_is_binding_of,
U197i is binding of,property,http://data.doremus.org/ontology#U197i_is_binding_of,,U197i is binding of@en,,,,,ecrm:P2i_is_type_of,,,,
U198 has container,property,http://data.doremus.org/ontology#U198_has_container,,U198 has container@en,,,,,ecrm:P2_has_type,efrbroo:F4_Manifestation_Singleton,mus:M171_Container,,
U199 has sponsor,property,http://data.doremus.org/ontology#U199_has_sponsor,,U199 has sponsor@en,,,,,ecrm:P3_has_note,efrbroo:F24_Publication_Expression,xsd:string,,
U200 has supplementary content,property,http://data.doremus.org/ontology#U200_has_supplementary_content,,U200 has supplementary content@en,,,,,ecrm:P3_has_note,efrbroo:F24_Publication_Expression,xsd:string,,
U201 has illustrative content,property,http://data.doremus.org/ontology#U201_has_illustrative_content,,U201 has illustrative content@en,,,,,ecrm:P3_has_note,efrbroo:F24_Publication_Expression,xsd:string,,
U202 has colour details,property,http://data.doremus.org/ontology#U202_has_colour_details,,U202 has colour details@en,,,,,ecrm:P3_has_note,efrbroo:F24_Publication_Expression,xsd:string,,
U203 has summary or abstract,property,http://data.doremus.org/ontology#U203_has_summary_or_abstract,,U203 has summary or abstract@en,,,,,ecrm:P3_has_note,efrbroo:F24_Publication_Expression,xsd:string,,
U204 has reproduction note,property,http://data.doremus.org/ontology#U204_has_reproduction_note,,U204 has reproduction note@en,,,,,ecrm:P3_has_note,efrbroo:F24_Publication_Expression,xsd:string,,
U205 has cast detail,property,http://data.doremus.org/ontology#U205_has_cast_detail,,U205 has cast detail@en,,,,,ecrm:P3_has_note,mus:M42_Performed_Expression_Creation,xsd:string,,
U206 has media type,property,http://data.doremus.org/ontology#U206_has_media_type,,U206 has media type@en,,,,,ecrm:P2_has_type,efrbroo:F4_Manifestation_Singleton,mus:M168_Media_Type,mus:U206i_is_media_type_of,
U206i is media type of,property,http://data.doremus.org/ontology#U206i_is_media_type_of,,U206i is media type of@en,,,,,ecrm:P2i_is_type_of,,,,
U207 has  carrier type,property,http://data.doremus.org/ontology#U207_has_carrier_type,,U207 has  carrier type@en,,,,,ecrm:P2_has_type,efrbroo:F4_Manifestation_Singleton,mus:M169_Carrier_Type,,
U208 has extent of carrier,property,http://data.doremus.org/ontology#U208_has_extent_of_carrier,,U208 has extent of carrier@en,,,,,ecrm:P3_has_note,efrbroo:F3_Manifestation_Product_Type,xsd:string,,
U210 has pagination,property,http://data.doremus.org/ontology#U210_has_pagination,,U210 has pagination@en,,,,,ecrm:P43_has_dimension,efrbroo:F4_Manifestation_Singleton,ecrm:E54_Dimension,mus:U210i_is_pagination_of,
U210i is pagination of,property,http://data.doremus.org/ontology#U210i_is_pagination_of,,U210i is pagination of@en,,,,,ecrm:P43i_is_dimension_of,,,,
U211 has composition of material,property,http://data.doremus.org/ontology#U211_has_composition_of_material,,U211 has composition of material@en,,,,,ecrm:P3_has_note,ecrm:E71_Man-Made_Thing,xsd:string,,
U212 has technical features,property,http://data.doremus.org/ontology#U212_has_technical_features,,U212 has technical features@en,,,,,ecrm:P3_has_note,ecrm:E71_Man-Made_Thing,xsd:string,,
U213 has recording method,property,http://data.doremus.org/ontology#U213_has_recording_method,,U213 has recording method@en,,,,,ecrm:P3_has_note,ecrm:E73_Information_Object,xsd:string,,
U214 has colour content,property,http://data.doremus.org/ontology#U214_has_colour_content,,U214 has colour content@en,,,,,ecrm:P2_has_type,efrbroo:F22_Self-Contained_Expression,mus:M172_Colour_Content,,
U215  has groove caracteristics,property,http://data.doremus.org/ontology#U215_has_groove_caracteristics,,U215  has groove caracteristics@en,,,,,ecrm:P3_has_note,ecrm:E71_Man-Made_Thing,xsd:string,,
U216 has tape configuration,property,http://data.doremus.org/ontology#U216_has_tape_configuration,,U216 has tape configuration@en,,,,,ecrm:P3_has_note,ecrm:E71_Man-Made_Thing,xsd:string,,
U217 has playing speed,property,http://data.doremus.org/ontology#U217_has_playing_speed,,U217 has playing speed@en,,,,,ecrm:P2_has_type,efrbroo:F4_Manifestation_Singleton,mus:M173_Playing_Speed,,
U218 used object of type for mastering,property,http://data.doremus.org/ontology#U218_used_object_of_type_for_mastering,,U218 used object of type for mastering@en,,,,,ecrm:P125_used_object_of_type,mus:M29_Editing,mus:M51_Type_Of_Recording_Equipment,,
U219 used object of type for mixing,property,http://data.doremus.org/ontology#U219_used_object_of_type_for_mixing,,U219 used object of type for mixing@en,,,,,ecrm:P125_used_object_of_type,mus:M29_Editing,mus:M51_Type_Of_Recording_Equipment,,
U220 has title and statement of responsibility,property,http://data.doremus.org/ontology#U220_has_title_and_statement_of_responsibility,,U220 has title and statement of responsibility@en,,,,,ecrm:P148_has_component,efrbroo:F2_Expression,mus:M158_Title_and_Statement_of_Responsibility,mus:U220i_is_title_and_statement_of_responsibility_of,
U220i is title and statement of responsibility of,property,http://data.doremus.org/ontology#U220i_is_title_and_statement_of_responsibility_of,,U220i is title and statement of responsibility of@en,,,,,ecrm:P148i_is_component_of,,,,
U221 has title proper of series,property,http://data.doremus.org/ontology#U221_has_title_proper_of_series,,U221 has title proper of series@en,,,,,ecrm:P148_has_component,efrbroo:F24_Publication_Expression,mus:M165_Title_Proper_of_Series,mus:U221i_is_title_proper_of_series_of,
U221i is  title proper of series of,property,http://data.doremus.org/ontology#U221i_is_title_proper_of_series_of,,U221i is  title proper of series of@en,,,,,ecrm:P148i_is_component_of,,,,
U222 has title proper of sub-series,property,http://data.doremus.org/ontology#U222_has_title_proper_of_sub-series,,U222 has title proper of sub-series@en,,,,,ecrm:P148_has_component,efrbroo:F24_Publication_Expression,mus:M165_Title_Proper_of_Series,mus:U222i_is_title_proper_of_sub-series_of,
U222i is title proper of sub-series of,property,http://data.doremus.org/ontology#U222i_is_title_proper_of_sub-series_of,,U222i is title proper of sub-series of@en,,,,,ecrm:P148i_is_component_of,,,,
U223 has number of tape tracks,property,http://data.doremus.org/ontology#U223_has_number_of_tape_tracks,,U223 has number of tape tracks@en,,,,,ecrm:P43_has_dimension,efrbroo:F4_Manifestation_Singleton,ecrm:E54_Dimension,mus:U223i_is_number_of_tape_tracks_of,
U223i is number of tape tracks of,property,http://data.doremus.org/ontology#U223i_is_number_of_tape_tracks_of,,U223i is number of tape tracks of@en,,,,,ecrm:P43i_is_dimension_of,,,,
U224 has title proper of multipart monograph,property,http://data.doremus.org/ontology#U224_has_title_proper_of_multipart_monograph,,U224 has title proper of multipart monograph@en,,,,,ecrm:P148_has_component,efrbroo:F24_Publication_Expression,mus:M166_Title_Proper_of_Multipart_Monograph,mus:U224i_is_title_proper_of_multipart_monograph_of,
U224i is title proper of multipart monograph of,property,http://data.doremus.org/ontology#U224i_is_title_proper_of_multipart_monograph_of,,U224i is title proper of multipart monograph of@en,,,,,ecrm:P148i_is_component_of,,,,
U225 used number of sound channels,property,http://data.doremus.org/ontology#U225_used_sound_spatialization_technique,,U225 used number of sound channels@en,,,,,ecrm:P32_used_general_technique,efrbroo:F28_Expression_Creation,mus:M54_Sound_Spatialization_Technique,mus:U225i_was_sound_spatialization_technique_of,
U225i was sound spatialization technique of,property,http://data.doremus.org/ontology#U225i_was_sound_spatialization_technique_of,,U225i was sound spatialization technique of@en,,,,,ecrm:P32i_was_technique_of,,,,
U226 has responsibility detail,property,http://data.doremus.org/ontology#U226_has_responsibility_detail,,U226 has responsibility detail@en,,,,,ecrm:P3_has_note,efrbroo:F28_Expression_Creation,xsd:string,,
U227 has content type,property,http://data.doremus.org/ontology#U227_has_content_type,,U227 has content type@en,,,,,ecrm:P2_has_type,,,mus:U227i_is_content_type_of,
mus:U227i_is_content_type_of,property,http://data.doremus.org/ontology#U227i_is_content_type_of,,,,,,,ecrm:P2i_is_type_of,,,,
U226 has other distinguishing characteristic of expression,property,http://data.doremus.org/ontology#U228_has_other_distinguishing_characteristic_of_expression,,U226 has other distinguishing characteristic of expression@en,,,,,ecrm:P3_has_note,efrbroo:F22_Self-Contained_Expression,xsd:string,,
U229 has music format,property,http://data.doremus.org/ontology#U229_has_music_format,,U229 has music format@en,,,,,ecrm:P2_has_type,efrbroo:F22_Self-Contained_Expression,mus:M175_Music_Format,mus:U229i_is_music_format_of,
mus:U229i_is_music_format_of,property,http://data.doremus.org/ontology#U229i_is_music_format_of,,,,,,,ecrm:P2i_is_type_of,,,,
